Name,Latitude,Longitude
Statue of Liberty,40.689249,-74.044500
Empire state building,40.748441,-73.985664
Brooklin Bridge,40.706086,-73.996864
Central park,40.782865,-73.965355
One World Observatory,40.713344,-74.013368
Metropolitan Museum of Art,40.779437,-73.9654327
Chrysler Building,40.751621,-73.975502
High Line,40.747993,-74.004765
Theater District,40.759431,-73.987753
The 9/11 Memorial and Museum,40.711484,-74.012725
Rockefeller Center,40.758740,-73.978674
Grand Central Terminal,40.752726,-73.977229
Prospect Park,40.660204,-73.968956
Brooklyn Museum,40.671206,-73.963631
Whitney Museum of Art,40.7395917,-74.0110516
New-York Historical Society,40.776340,-73.961440
Bronx Zoo Wildlife Conservation Society,40.850595,-73.876998
Solomon R. Guggenheim Museum,40.782980,-73.958971
Times Square,40.758895,-73.985131
New York Botanical Garden,40.862390,-73.877244
Brooklin Flee,40.7198795,-73.9615374
Flushing Meadows - Corona Park,40.739714,-73.840785
Brookfield Place,40.713192,-74.015913
Chelsea Market,40.742569,-74.006068
Apollo Theater,40.810018,-73.950056
Smorgasburg,40.721485,-73.962117
Brooklin Heights Promenade,40.6961976,-73.9996923
Macy's Herald Square,40.750782,-73.988959
Brooklyn Botanic Garden,40.669411,-73.962374
Coney Island Museum,40.575329,-73.979783
Yankee Stadium,40.8296466,-73.9283632
American Museum of Natural History,40.781324,-73.973988
Union Square,40.735863,-73.991084
Flatiron Building,40.741061,-73.989699
Roosevelt Island,40.760503,-73.950993
The Cloisters,40.864863,-73.931727
"Interpid Sea, Air & Space Museum",40.7645306,-74.0017963
Lincoln Center,40.772464,-73.983489
South Street Seaport,40.705937,-74.002676
Museum of Modern Art,40.761433,-73.977622
Radio City Music Hall,40.759976,-73.979977
Queens Museum,40.745940,-73.846733
St. Patrick's Cathedral,40.758465,-73.975993
New York Public Library,40.753182,-73.982253
MoMA PS1,40.745490,-73.947357
Chinatown,40.715751,-73.997031
Washington Square Park arch,40.730823,-73.997332
Madame Tussauds,40.756381,-73.988362
Madison Square Garden,40.750504,-73.993439
Governors Island,40.691988,-74.015995
Socrates Sculpture Park,40.768479,-73.936636
AKC Museum of the Dog,40.7508224,-73.9797427
Queens Night Market,40.7472623,-73.8517
Snug Harbor Cultural Center,40.642631,-74.101917
Bryant Park,40.771209,-73.967399
Wall Street,40.706001,-74.008801
Charging Bull,40.705554,-74.013444
